1,Agustín
2,Agustina
3,Alejandro
4,Alejandra
5,Alfredo
6,Alicia
7,Alan
8,Alma
9,Andrés
10,Andrea
11,Antonio
12,Ana
13,Axel
14,Abril
15,Ariel
16,Ariana
17,Alberto
18,Antonella
19,Abel
20,Ailén
21,Alonso
22,Aitana
23,Amador
24,Amalia
25,Adriel
26,Amanda
27,Aarón
28,Anahí
29,Américo
30,Ayelén
31,Asier
32,Aurora
33,Arón
34,Abigail
35,Arnaldo
36,Anastasia
37,Aldo
38,Araceli
39,Adrián
40,Alina
41,Benjamín
42,Brenda
43,Bruno
44,Bianca
45,Bautista
46,Belén
47,Braian
48,Bárbara
49,Boris
50,Beatriz
51,Blas
52,Brisa
53,Bastián
54,Berenice
55,Baltasar
56,Betsabé
57,Bernardo
58,Bernarda
59,Bladimir
60,Bonnie
61,Basilio
62,Bettina
63,Braulio
64,Brigitte
65,Bayron
66,Betania
67,Benicio
68,Bellatrix
69,Bartolomé
70,Bricia
71,Beltrán
72,Bilha
73,Branko
74,Blanda
75,Benilda
76,Bismarck
77,Bibiana
78,Boanerges
79,Baya
80,Bashir
81,Camila
82,Carlos
83,Carla
84,Cristian
85,Catalina
86,César
87,Celeste
88,Claudio
89,Clara
90,Ciro
91,Cecilia
92,Cristóbal
93,Carmen
94,Caleb
95,Constanza
96,Conrado
97,Cintia
98,Cirilo
99,Claribel
100,Cornelio
101,Coral
102,Cipriano
103,Chloe
104,Crisanto
105,Candela
106,Casandra
107,Cayetano
108,Carlota
109,Candelaria
110,Cloe
111,Diego
112,Daniela
113,David
114,Delfina
115,Darío
116,Dana
117,Damián
118,Diana
119,Denis
120,Daiana
121,Dante
122,Dulce
123,Dylan
124,Deborah
125,Dilan
126,Damaris
127,Domingo
128,Doris
129,Darian
130,Dominika
131,Demian
132,Dunia
133,Denzel
134,Dalma
135,Donovan
136,Dasha
137,Desiderio
138,Dafne
139,Donato
140,Dalila
141,Elías
142,Elena
143,Emanuel
144,Estefanía
145,Eduardo
146,Emilia
147,Ezequiel
148,Eva
149,Erik
150,Ema
151,Esteban
152,Eloísa
153,Enzo
154,Esmeralda
155,Edgar
156,Eugenia
157,Efraín
158,Elvira
159,Emiliano
160,Elsa
161,Federico
162,Florencia
163,Facundo
164,Fátima
165,Fernando
166,Fiorella
167,Fabio
168,Fernanda
169,Flavio
170,Fabiana
171,Félix
172,Francisca
173,Fabián
174,Frida
175,Faustino
176,Gabriel
177,Gabriela
178,Guillermo
179,Guillermina
180,Germán
181,Graciela
182,Genaro
183,Gloria
184,Gastón
185,Georgina
186,Gonzalo
187,Gema
188,Gervasio
189,Giuliana
190,Gregorio
191,Héctor
192,Helena
193,Hugo
194,Hortensia
195,Horacio
196,Haydée
197,Hernán
198,Helena
199,Hermes
200,Harmony
201,Ignacio
202,Isabel
203,Iván
204,Ingrid
205,Ian
206,Irina
207,Iker
208,Ileana
209,Ismael
210,Ivana
211,Imanol
212,Iris
213,Isaías
214,Indira
215,Italo
216,Juan
217,Julieta
218,Joaquín
219,Jimena
220,Jorge
221,Jazmín
222,Jeremías
223,Juliana
224,Javier
225,Johanna
226,Josué
227,Josefina
228,Julián
229,Juana
230,Jael
231,Kevin
232,Karen
233,Katherina
234,Kenia
235,Khalil
236,Luis
237,Laura
238,Leonardo
239,Lucia
240,Lorenzo
241,Lara
242,Lucas
243,Lourdes
244,Leandro
245,Liliana
246,Lázaro
247,Lola
248,Luciano
249,Lía
250,Luisana
251,Leonardo
252,Lila
253,Lionel
254,Leticia
255,Lucas
256,Lorenza
257,Lisandro
258,Leila
259,Lucho
260,Libia
261,Lino
262,Laurana
263,Luisa
264,Lázara
265,Luisito
266,María
267,Mateo
268,Martín
269,Mariana
270,Mara
271,Micaela
272,Mario
273,Marcela
274,Mauricio
275,Melissa
276,Melanie
277,Maxima
278,Manuel
279,Margarita
280,Milton
281,Mirella
282,Marcos
283,Mónica
284,Miguel
285,Marisol
286,Matías
287,Melisa
288,Moisés
289,Mila
290,Mauro
291,Nicolás
292,Noelia
293,Néstor
294,Natalia
295,Nacho
296,Norma
297,Nahuel
298,Nadia
299,Nicanor
300,Nina
301,Omar
302,Oliver
303,Oscar
304,Olivia
305,Oriana
306,Octavio
307,Onelia
308,Osvaldo
309,Otilia
310,Orlando
311,Pablo
312,Patricia
313,Pedro
314,Paula
315,Piero
316,Pilar
317,Paloma
318,Priscila
319,Pascual
320,Penélope
321,Patricio
322,Pabla
323,Pablo
324,Plácido
325,Paola
326,Pompeyo
327,Pía
328,Pablina
329,Prudencia
330,Primo
331,Pancho
332,Pilar
333,Placidia
334,Pancracio
335,Paolo
336,Quiana
337,Quentin
338,Quetzal
339,Queralt
340,Quirina
341,Roberto
342,Raquel
343,Ricardo
344,Rosa
345,Ramiro
346,Renata
347,Rafael
348,Regina
349,Rodrigo
350,Rocío
351,Rocco
352,Raúl
353,Rubén
354,Remedios
355,Renzo
356,Rita
357,Rolando
358,Rebeca
359,Romeo
360,Rosaura
361,Sebastián
362,Sofía
363,Samuel
364,Sabrina
365,Sergio
366,Silvia
367,Santiago
368,Sara
369,Salvatore
370,Selene
371,Simón
372,Susana
373,Sebastián
374,Stella
375,Santos
376,Sonia
377,Saúl
378,Sol
379,Santiago
380,Sarah
381,Tomás
382,Teresa
383,Thiago
384,Tatiana
385,Tadeo
386,Tania
387,Tobías
388,Tamara
389,Teodoro
390,Trini
391,Ulises
392,Úrsula
393,Ubaldo
394,Uriel
395,Uma
396,Vicente
397,Valeria
398,Víctor
399,Vanessa
400,Valentino
401,Violeta
402,Verónica
403,Valentín
404,Virginia
405,Vladimiro
406,William
407,Wendy
408,Walter
409,Waldo
410,Ximena
411,Yasmín
412,Yago
413,Yolanda
414,Zoe
415,Zacarías
