id_profile,nombre_completo
1,Agustín Morán
2,Agustina Quival
3,Alejandro Contreras
4,Alejandra Luque
5,Alfredo Rojas
6,Alicia Rodríguez
7,Alan Del Valle
8,Alma Zarate
9,Andrés Morán
10,Andrea Zarate
11,Antonio Arnaudo
12,Ana Munguia
13,Axel Russo
14,Abril Camolotto
15,Ariel Anziani
16,Ariana Martínez
17,Alberto Hernández
18,Antonella Perotti
19,Abel Palacios
20,Ailén López
21,Alonso Luque
22,Aitana Ortega
23,Amador Mercado
24,Amalia Lannister
25,Adriel Stoffel
26,Amanda Quiroga
27,Aarón Zitto
28,Anahí Borda
29,Américo Vásquez
30,Ayelén Perotti
31,Asier Zitto
32,Aurora Palacios
33,Arón Rojo
34,Abigail Fernández
35,Arnaldo Lépore
36,Anastasia Grey
37,Aldo Méndez
38,Araceli Perotti
39,Adrián Pérez
40,Alina Sedano
41,Benjamín Camolotto
42,Brenda Camolotto
43,Bruno Grey
44,Bianca García
45,Bautista Anziani
46,Belén Perotti
47,Braian Sedano
48,Bárbara Quiroga
49,Boris Méndez
50,Beatriz Messi
51,Blas Gómez
52,Brisa Vásquez
53,Bastián Micolini
54,Berenice Lépore
55,Baltasar Borda
56,Betsabé Morán
57,Bernardo Pérez
58,Bernarda Lépore
59,Bladimir Quiroga
60,Bonnie Quival
61,Basilio Russo
62,Bettina Sad
63,Braulio Munguia
64,Brigitte Quival
65,Bayron Micolini
66,Betania Mercado
67,Benicio Munguia
68,Bellatrix Díaz
69,Bartolomé Quinteros
70,Bricia Díaz
71,Beltrán Zarate
72,Bilha Messi
73,Branko Moreno
74,Blanda Palacios
75,Benilda Zitto
76,Bismarck Quival
77,Bibiana Rojo
78,Boanerges Del Valle
79,Baya Martínez
80,Bashir Quival
81,Camila Quival
82,Carlos Luque
83,Carla Quiroga
84,Cristian Díaz
85,Catalina Zarate
86,César Nardón
87,Celeste Lépore
88,Claudio Nicolás
89,Clara Díaz
90,Ciro Contreras
91,Cecilia Rojas
92,Cristóbal Vásquez
93,Carmen Rojas
94,Caleb Magni
95,Constanza González
96,Conrado Lépore
97,Cintia Rojas
98,Cirilo Díaz
99,Claribel Schmitt
100,Cornelio Morán
101,Coral Perotti
102,Cipriano Messi
103,Chloe Zarate
104,Crisanto Quiroga
105,Candela Schmitt
106,Casandra Arnaudo
107,Cayetano Schmitt
108,Carlota Camolotto
109,Candelaria Perotti
110,Cloe Gómez
111,Diego Martínez
112,Daniela Rodríguez
113,David Vásquez
114,Delfina Perotti
115,Darío Zitto
116,Dana Borda
117,Damián Zarate
118,Diana Contreras
119,Denis Sedano
120,Daiana Hernández
121,Dante Rodríguez
122,Dulce Quival
123,Dylan García
124,Deborah Mercado
125,Dilan Grey
126,Damaris Sad
127,Domingo Riera
128,Doris Vásquez
129,Darian Zarate
130,Dominika Lépore
131,Demian Del Valle
132,Dunia Rodríguez
133,Denzel Mercado
134,Dalma Pérez
135,Donovan López
136,Dasha Grey
137,Desiderio Schmitt
138,Dafne Borda
139,Donato Stoffel
140,Dalila Reyna
141,Elías Sad
142,Elena Schmitt
143,Emanuel Quiroga
144,Estefanía González
145,Eduardo Riera
146,Emilia Quinteros
147,Ezequiel Borda
148,Eva Vásquez
149,Erik Camolotto
150,Ema Nardón
151,Esteban Camolotto
152,Eloísa Camolotto
153,Enzo Messi
154,Esmeralda Morán
155,Edgar Contreras
156,Eugenia Sad
157,Efraín Lépore
158,Elvira Lannister
159,Emiliano Riera
160,Elsa Fernández
161,Federico Sedano
162,Florencia Ortega
163,Facundo Velásquez
164,Fátima Zitto
165,Fernando Lannister
166,Fiorella Esperanza
167,Fabio Micolini
168,Fernanda Reyna
169,Flavio Esperanza
170,Fabiana Russo
171,Félix Palacios
172,Francisca Sedano
173,Fabián Riera
174,Frida López
175,Faustino Díaz
176,Gabriel Rojas
177,Gabriela Rojas
178,Guillermo Lannister
179,Guillermina Micolini
180,Germán Gómez
181,Graciela Quival
182,Genaro Ortega
183,Gloria Méndez
184,Gastón Reyna
185,Georgina Reyna
186,Gonzalo Camolotto
187,Gema Sedano
188,Gervasio Rojas
189,Giuliana Morán
190,Gregorio Quival
191,Héctor Mercado
192,Helena Hernández
193,Hugo Russo
194,Hortensia Fernández
195,Horacio Zarate
196,Haydée Stoffel
197,Hernán Perotti
198,Helena Russo
199,Hermes García
200,Harmony Riera
201,Ignacio Gómez
202,Isabel Reyna
203,Iván Sad
204,Ingrid Nardón
205,Ian Quinteros
206,Irina Lannister
207,Iker Schmitt
208,Ileana Russo
209,Ismael Munguia
210,Ivana Rodríguez
211,Imanol Zarate
212,Iris Magni
213,Isaías Grey
214,Indira Quival
215,Italo Lannister
216,Juan Díaz
217,Julieta Quinteros
218,Joaquín Esperanza
219,Jimena Esperanza
220,Jorge Stoffel
221,Jazmín Munguia
222,Jeremías Camolotto
223,Juliana Lépore
224,Javier Schmitt
225,Johanna Messi
226,Josué Zitto
227,Josefina Quival
228,Julián Camolotto
229,Juana Vásquez
230,Jael Contreras
231,Kevin Velásquez
232,Karen Zarate
233,Katherina López
234,Kenia Gómez
235,Khalil Méndez
236,Luis Munguia
237,Laura Gómez
238,Leonardo Sedano
239,Lucia Nardón
240,Lorenzo Méndez
241,Lara Quival
242,Lucas Zitto
243,Lourdes Stoffel
244,Leandro Sad
245,Liliana Rojo
246,Lázaro Palacios
247,Lola Zarate
248,Luciano Zarate
249,Lía Micolini
250,Luisana Martínez
251,Leonardo Nicolás
252,Lila Esperanza
253,Lionel Del Valle
254,Leticia Rojo
255,Lucas Riera
256,Lorenza Velásquez
257,Lisandro Fernández
258,Leila Nardón
259,Lucho Morán
260,Libia López
261,Lino Micolini
262,Laurana Stoffel
263,Luisa Morán
264,Lázara Rojo
265,Luisito Riera
266,María Contreras
267,Mateo Quinteros
268,Martín Nardón
269,Mariana Velásquez
270,Mara Díaz
271,Micaela Lépore
272,Mario Sedano
273,Marcela Schmitt
274,Mauricio Zarate
275,Melissa Rojo
276,Melanie Sedano
277,Maxima Ortega
278,Manuel Nardón
279,Margarita Lépore
280,Milton Luque
281,Mirella Nicolás
282,Marcos Velásquez
283,Mónica Mercado
284,Miguel Contreras
285,Marisol Stoffel
286,Matías Moreno
287,Melisa Lannister
288,Moisés Camolotto
289,Mila Micolini
290,Mauro Messi
291,Nicolás Rojo
292,Noelia Lépore
293,Néstor Perotti
294,Natalia Nardón
295,Nacho López
296,Norma García
297,Nahuel Zarate
298,Nadia Sad
299,Nicanor Luque
300,Nina González
301,Omar Lépore
302,Oliver Martínez
303,Oscar Fernández
304,Olivia Messi
305,Oriana Martínez
306,Octavio Gómez
307,Onelia Quinteros
308,Osvaldo Camolotto
309,Otilia Zarate
310,Orlando Palacios
311,Pablo Hernández
312,Patricia Velásquez
313,Pedro Anziani
314,Paula Pérez
315,Piero Riera
316,Pilar López
317,Paloma Díaz
318,Priscila Contreras
319,Pascual Russo
320,Penélope Mercado
321,Patricio Díaz
322,Pabla Palacios
323,Pablo Vásquez
324,Plácido Luque
325,Paola Quinteros
326,Pompeyo Díaz
327,Pía Díaz
328,Pablina Riera
329,Prudencia Méndez
330,Primo Perotti
331,Pancho Schmitt
332,Pilar Méndez
333,Placidia Lépore
334,Pancracio Esperanza
335,Paolo Ortega
336,Quiana Morán
337,Quentin Borda
338,Quetzal Munguia
339,Queralt Rojo
340,Quirina Méndez
341,Roberto Schmitt
342,Raquel Munguia
343,Ricardo González
344,Rosa Borda
345,Ramiro Camolotto
346,Renata Rojas
347,Rafael Nardón
348,Regina Hernández
349,Rodrigo Ortega
350,Rocío Riera
351,Rocco Palacios
352,Raúl Díaz
353,Rubén Quival
354,Remedios Moreno
355,Renzo Arnaudo
356,Rita Gómez
357,Rolando Anziani
358,Rebeca Lannister
359,Romeo Lannister
360,Rosaura Pérez
361,Sebastián García
362,Sofía Nicolás
363,Samuel Borda
364,Sabrina Reyna
365,Sergio Quiroga
366,Silvia Arnaudo
367,Santiago Riera
368,Sara Velásquez
369,Salvatore Quival
370,Selene Quival
371,Simón Rodríguez
372,Susana Vásquez
373,Sebastián Arnaudo
374,Stella Nicolás
375,Santos Martínez
376,Sonia Quival
377,Saúl Gómez
378,Sol Esperanza
379,Santiago Munguia
380,Sarah Munguia
381,Tomás Russo
382,Teresa Méndez
383,Thiago Palacios
384,Tatiana Nardón
385,Tadeo García
386,Tania Arnaudo
387,Tobías Morán
388,Tamara Quinteros
389,Teodoro Nardón
390,Trini Grey
391,Ulises Russo
392,Úrsula Morán
393,Ubaldo Martínez
394,Uriel Fernández
395,Uma Grey
396,Vicente Russo
397,Valeria Pérez
398,Víctor Lépore
399,Vanessa Quiroga
400,Valentino Grey
401,Violeta Borda
402,Verónica Vásquez
403,Valentín Moreno
404,Virginia Quiroga
405,Vladimiro Rodríguez
406,William Riera
407,Wendy González
408,Walter Sedano
409,Waldo Munguia
410,Ximena Lannister
411,Yasmín Sedano
412,Yago Lépore
413,Yolanda Magni
414,Zoe Zitto
415,Zacarías Moreno
